**Gemeentenaam**|**01-03-2020**|**02-03-2020**|**03-03-2020**|**04-03-2020**|**05-03-2020**|**06-03-2020**|**07-03-2020**|**08-03-2020**|**09-03-2020**|**10-03-2020**|**11-03-2020**|**12-03-2020**|**13-03-2020**|**14-03-2020**|**15-03-2020**|**16-03-2020**|**17-03-2020**|**18-03-2020**|**19-03-2020**|**20-03-2020**|**21-03-2020**|**22-03-2020**|**23-03-2020**|**27-02-2020**|**28-02-2020**|**29-02-2020**|**BevAant**|**Provinciecode**
:-|:-|:-|:-|:-|:-|:-|:-|:-|:-|:-|:-|:-|:-|:-|:-|:-|:-|:-|:-|:-|:-|:-|:-|:-|:-|:-|:-|:-
**'s-Gravenhage**|0|0|0|0|0|3|2|2|2|3|7|7.0|8.0|9.0|10.0|14.0|17|21|27|36|44|47|53|0|0|0|537833|28
**'s-Hertogenbosch**|0|0|0|0|0|0|2|2|3|4|5|8.0|11.0|14.0|14.0|20.0|24|30|35|38|45|55|60|0|0|0|154205|30
**Aa en Hunze**|0|0|0|0|0|0|0|0|0|0|0|0.0|0.0|0.0|0.0|0.0|0|0|0|0|0|1|1|0|0|0|25386|22
**Aalsmeer**|0|0|0|0|0|0|0|0|0|2|2|2.0|3.0|3.0|3.0|3.0|3|3|4|5|5|7|8|0|0|0|31728|27
**Aalten**|0|0|0|0|0|0|0|0|0|0|0|0.0|0.0|0.0|0.0|0.0|0|0|0|1|1|1|1|0|0|0|27011|25
**Achtkarspelen**|0|0|0|0|0|0|0|0|0|0|0|0.0|0.0|0.0|0.0|0.0|0|0|0|0|0|0|0|0|0|0|27852|21
**Alblasserdam**|0|0|0|0|0|0|0|0|0|0|0|0.0|0.0|0.0|0.0|0.0|1|1|2|3|3|4|4|0|0|0|20069|28
**Albrandswaard**|0|0|0|0|0|0|0|1|1|1|1|1.0|1.0|1.0|1.0|2.0|3|4|4|5|8|12|14|0|0|0|25271|28
**Alkmaar**|0|0|0|0|0|0|0|0|0|1|1|1.0|1.0|1.0|1.0|2.0|2|5|9|10|11|15|16|0|0|0|108558|27
**Almelo**|0|0|0|0|0|0|0|1|1|1|1|1.0|1.0|1.0|1.0|1.0|1|1|2|3|4|5|7|0|0|0|72849|23
**Almere**|0|0|0|0|0|1|1|1|1|1|1|1.0|1.0|2.0|2.0|3.0|3|4|5|5|11|14|18|0|0|0|207904|24
**Alphen aan den Rijn**|0|1|1|1|1|1|1|1|1|1|2|3.0|4.0|6.0|6.0|6.0|6|9|10|13|15|17|17|0|0|0|110986|28
**Alphen-Chaam**|0|0|0|0|0|0|0|0|0|0|0|0.0|0.0|1.0|1.0|2.0|3|6|6|6|7|9|14|0|0|0|10149|30
**Altena**|1|1|3|3|4|4|4|4|4|4|4|5.0|8.0|9.0|10.0|12.0|12|15|19|19|22|23|25|0|0|0|55386|30
**Ameland**|0|0|0|0|0|0|0|0|0|0|0|0.0|0.0|0.0|0.0|0.0|0|0|0|0|0|0|0|0|0|0|3673|21
**Amersfoort**|0|0|0|0|0|0|0|0|0|0|2|4.0|4.0|4.0|10.0|18.0|21|23|30|32|37|37|41|0|0|0|156286|26
**Amstelveen**|0|0|0|0|0|0|1|1|2|2|2|2.0|3.0|3.0|3.0|4.0|6|7|13|22|26|27|29|0|0|0|90838|27
**Amsterdam**|1|1|0|1|2|2|3|4|4|8|8|11.0|20.0|31.0|31.0|39.0|56|61|85|127|161|188|203|0|1|1|862965|27
**Apeldoorn**|0|0|0|0|0|0|0|0|0|0|1|2.0|2.0|3.0|3.0|7.0|7|10|11|13|16|17|26|0|0|0|162445|25
**Appingedam**|0|0|0|0|0|0|0|0|0|0|0|0.0|0.0|0.0|0.0|0.0|0|0|0|0|0|0|0|0|0|0|11721|20
**Arnhem**|0|0|0|0|0|1|1|3|2|2|3|4.0|4.0|4.0|7.0|7.0|8|9|10|13|15|16|20|0|0|0|159265|25
**Assen**|0|0|0|0|0|0|0|0|0|0|0|0.0|0.0|0.0|0.0|0.0|0|0|0|1|1|2|4|0|0|0|67963|22
**Asten**|0|0|0|0|0|0|0|0|0|0|0|0.0|0.0|0.0|1.0|1.0|2|2|2|2|5|5|5|0|0|0|16710|30
**Baarle-Nassau**|0|0|0|0|0|0|0|0|0|0|0|0.0|0.0|0.0|0.0|0.0|0|0|0|1|1|1|1|0|0|0|6847|30
**Baarn**|0|0|0|0|0|0|0|0|0|0|0|0.0|0.0|0.0|0.0|0.0|0|0|2|1|1|1|2|0|0|0|24767|26
**Barendrecht**|0|0|0|0|0|0|0|0|0|0|0|1.0|1.0|1.0|3.0|3.0|3|3|4|5|9|10|13|0|0|0|48673|28
**Barneveld**|0|0|0|0|0|0|0|0|0|0|0|0.0|0.0|0.0|2.0|3.0|4|5|6|8|8|9|10|0|0|0|57971|25
**Beek**|0|0|0|0|0|0|0|0|0|0|0|0.0|0.0|0.0|3.0|3.0|3|3|3|5|5|5|5|0|0|0|15929|31
**Beekdaelen**|0|0|0|0|0|1|2|2|4|5|8|8.0|8.0|9.0|12.0|13.0|15|18|18|19|19|19|20|0|0|0|35727|31
**Beemster**|0|0|0|0|0|0|0|0|0|0|0|0.0|0.0|0.0|0.0|0.0|0|0|0|0|0|0|0|0|0|0|9748|27
**Beesel**|0|0|0|0|0|0|0|0|0|0|0|0.0|0.0|0.0|0.0|0.0|0|0|0|1|3|5|5|0|0|0|13519|31
**Berg en Dal**|0|0|0|0|0|0|0|0|0|1|3|3.0|5.0|6.0|6.0|10.0|14|14|18|20|25|30|33|0|0|0|34798|25
**Bergeijk**|0|0|0|0|0|0|0|0|0|0|1|1.0|1.0|1.0|1.0|1.0|1|1|1|1|1|1|3|0|0|0|18491|30
**Bergen (L.)**|0|0|0|0|0|0|0|0|0|0|0|0.0|0.0|0.0|0.0|0.0|0|1|1|1|1|1|1|0|0|0|13140|31
**Bergen (NH.)**|0|0|0|0|0|0|0|0|0|0|0|0.0|0.0|1.0|1.0|1.0|1|2|4|4|6|8|9|0|0|0|29974|27
**Bergen op Zoom**|0|0|0|0|0|0|0|1|1|1|1|1.0|1.0|1.0|4.0|4.0|5|5|6|8|9|10|12|0|0|0|66811|30
**Berkelland**|0|0|0|0|0|0|0|0|0|0|0|0.0|0.0|0.0|0.0|0.0|0|0|1|1|1|1|2|0|0|0|43904|25
**Bernheze**|0|0|0|0|0|0|1|1|2|2|2|4.0|13.0|15.0|16.0|19.0|20|26|30|37|41|57|62|0|0|0|30806|30
**Best**|0|0|0|0|1|1|1|2|2|2|3|3.0|3.0|3.0|3.0|4.0|5|6|6|8|11|14|14|0|0|0|29821|30
**Beuningen**|0|0|0|0|0|1|1|5|3|3|3|3.0|3.0|4.0|4.0|5.0|6|6|6|8|9|11|12|0|0|0|25882|25
**Beverwijk**|0|0|0|1|2|2|3|4|4|4|4|5.0|5.0|5.0|5.0|5.0|6|6|6|6|6|7|7|0|0|0|41176|27
**Bladel**|0|0|0|0|0|0|0|0|0|0|0|0.0|0.0|1.0|1.0|1.0|1|2|3|6|7|11|12|0|0|0|20175|30
**Blaricum**|0|0|0|1|1|1|1|1|1|1|1|1.0|1.0|1.0|1.0|1.0|1|2|2|3|4|4|4|0|0|0|11202|27
**Bloemendaal**|0|0|0|0|0|0|1|1|1|1|1|1.0|1.0|1.0|1.0|1.0|3|3|3|3|8|8|11|0|0|0|23410|27
**Bodegraven-Reeuwijk**|0|0|0|0|0|0|0|0|0|0|0|1.0|1.0|1.0|1.0|1.0|1|1|1|1|3|5|5|0|0|0|34462|28
**Boekel**|0|0|0|0|0|0|0|1|1|2|7|8.0|11.0|12.0|12.0|14.0|14|19|20|25|32|37|40|0|0|0|10588|30
**Borger-Odoorn**|0|0|0|0|0|0|0|0|0|0|0|0.0|0.0|0.0|0.0|0.0|0|0|0|0|0|0|0|0|0|0|25372|22
**Borne**|0|0|0|0|1|1|2|3|3|3|3|2.0|3.0|3.0|3.0|3.0|3|3|3|3|4|5|7|0|0|0|23210|23
**Borsele**|0|0|0|0|0|0|0|0|0|0|1|1.0|1.0|1.0|1.0|2.0|2|2|3|3|3|3|3|0|0|0|22800|29
**Boxmeer**|0|0|0|0|0|0|0|0|0|0|0|0.0|1.0|1.0|1.0|1.0|1|2|2|5|6|7|7|0|0|0|29065|30
**Boxtel**|0|0|0|0|0|0|0|0|0|0|0|1.0|1.0|2.0|2.0|3.0|5|5|6|6|11|12|12|0|0|0|30747|30
**Breda**|0|0|0|0|0|2|2|16|19|27|32|42.0|53.0|64.0|71.0|86.0|96|105|113|121|133|140|161|0|0|0|183873|30
**Brielle**|0|0|0|0|0|0|0|0|0|0|0|0.0|0.0|0.0|0.0|0.0|0|0|1|1|1|1|1|0|0|0|17182|28
**Bronckhorst**|0|0|0|0|0|1|1|2|2|2|2|2.0|2.0|2.0|2.0|2.0|2|2|3|5|6|6|6|0|0|0|36212|25
**Brummen**|0|0|0|0|0|0|0|0|0|0|0|0.0|0.0|0.0|0.0|0.0|0|0|1|1|1|1|4|0|0|0|20698|25
**Brunssum**|0|0|0|0|0|0|0|0|0|0|0|0.0|0.0|0.0|0.0|0.0|2|4|4|6|6|6|8|0|0|0|28103|31
**Bunnik**|0|0|0|0|0|0|0|0|0|0|0|0.0|0.0|0.0|0.0|0.0|0|0|1|2|3|3|4|0|0|0|15192|26
**Bunschoten**|0|0|0|0|0|0|0|0|0|0|0|0.0|0.0|0.0|0.0|0.0|0|0|0|0|0|0|0|0|0|0|21576|26
**Buren**|0|0|0|0|0|0|0|0|0|0|0|1.0|2.0|2.0|2.0|4.0|4|4|5|5|5|5|5|0|0|0|26568|25
**Capelle aan den IJssel**|0|0|0|0|0|0|0|0|0|0|0|0.0|0.0|0.0|0.0|0.0|1|1|2|3|3|7|7|0|0|0|66818|28
**Castricum**|0|0|0|0|0|0|0|0|0|0|0|0.0|0.0|4.0|5.0|5.0|5|5|6|6|7|8|8|0|0|0|35772|27
**Coevorden**|1|1|2|2|3|3|3|7|9|11|11|11.0|11.0|11.0|11.0|11.0|11|12|12|13|14|14|14|0|0|0|35483|22
**Cranendonck**|0|0|0|0|0|0|0|0|0|0|1|1.0|2.0|2.0|2.0|2.0|5|6|6|8|11|13|19|0|0|0|20440|30
**Cuijk**|0|0|0|0|0|0|0|0|0|0|1|1.0|2.0|2.0|2.0|2.0|2|2|4|4|4|4|5|0|0|0|24931|30
**Culemborg**|0|0|0|0|1|1|1|1|1|1|1|1.0|2.0|2.0|2.0|2.0|4|4|4|4|5|5|5|0|0|0|28555|25
**Dalfsen**|0|0|0|0|0|0|0|0|0|0|0|0.0|0.0|0.0|1.0|1.0|1|1|1|4|5|8|9|0|0|0|28499|23
**Dantumadiel**|0|0|0|0|0|0|0|0|0|0|0|0.0|0.0|0.0|0.0|0.0|0|0|0|0|0|0|0|0|0|0|18923|21
**De Bilt**|0|0|0|0|2|3|6|6|6|6|10|11.0|11.0|11.0|12.0|13.0|15|16|16|18|19|20|23|0|0|0|42824|26
**De Fryske Marren**|0|0|0|0|0|0|0|0|0|0|0|1.0|2.0|2.0|3.0|3.0|3|5|5|6|8|8|8|0|0|0|51430|21
**De Ronde Venen**|0|0|0|0|0|0|0|0|0|0|0|0.0|0.0|0.0|0.0|2.0|2|2|2|3|3|4|6|0|0|0|44059|26
**De Wolden**|0|0|0|0|0|0|0|0|0|0|0|0.0|0.0|1.0|1.0|1.0|1|1|1|2|3|3|3|0|0|0|24110|22
**Delft**|1|1|1|1|1|1|1|1|1|1|1|1.0|2.0|2.0|2.0|2.0|2|4|5|9|11|12|16|0|0|1|103163|28
**Delfzijl**|0|0|0|0|0|0|0|0|0|0|0|0.0|0.0|0.0|0.0|0.0|0|0|0|0|0|0|1|0|0|0|24716|20
**Den Helder**|0|0|0|0|0|0|0|0|0|0|1|1.0|1.0|1.0|1.0|1.0|1|1|2|2|3|3|4|0|0|0|55604|27
**Deurne**|0|0|0|0|0|0|0|1|1|1|3|3.0|3.0|3.0|4.0|5.0|8|8|10|13|19|22|22|0|0|0|32362|30
**Deventer**|0|0|0|0|0|0|0|0|0|0|0|0.0|0.0|0.0|1.0|2.0|4|5|5|7|16|16|17|0|0|0|99957|23
**Diemen**|2|2|2|2|2|2|2|2|2|2|2|2.0|2.0|2.0|2.0|2.0|2|2|2|3|3|4|4|0|0|2|29196|27
**Dinkelland**|0|0|0|0|0|0|1|2|2|2|2|1.0|3.0|4.0|4.0|5.0|5|6|8|9|13|14|15|0|0|0|26350|23
**Doesburg**|0|0|0|0|0|0|0|0|0|0|0|0.0|0.0|0.0|1.0|1.0|1|1|1|3|3|4|4|0|0|0|11148|25
**Doetinchem**|0|0|0|0|0|0|0|0|0|0|0|0.0|0.0|0.0|0.0|0.0|0|0|3|4|5|5|6|0|0|0|57555|25
**Dongen**|0|0|0|0|1|1|2|3|3|3|4|4.0|4.0|5.0|5.0|5.0|5|5|5|2|2|2|2|0|0|0|26051|30
**Dordrecht**|0|0|0|0|0|0|0|0|0|0|0|0.0|1.0|1.0|1.0|1.0|4|4|8|11|12|13|17|0|0|0|118654|28
**Drechterland**|0|0|0|0|0|0|0|0|0|0|0|0.0|0.0|0.0|0.0|0.0|0|0|0|0|2|2|2|0|0|0|19597|27
**Drimmelen**|0|0|0|0|0|0|0|0|0|0|1|3.0|5.0|5.0|5.0|7.0|11|12|13|13|14|14|16|0|0|0|27150|30
**Dronten**|0|0|0|0|0|0|0|0|0|0|0|0.0|2.0|3.0|6.0|7.0|7|8|9|10|11|10|11|0|0|0|40815|24
**Druten**|0|0|0|0|0|0|0|0|0|0|0|0.0|1.0|3.0|5.0|5.0|5|5|5|5|5|5|6|0|0|0|18797|25
**Duiven**|0|0|0|0|0|0|0|0|0|0|0|0.0|1.0|1.0|1.0|1.0|1|2|2|2|2|2|2|0|0|0|25332|25
**Echt-Susteren**|0|0|0|0|0|0|0|0|0|0|0|0.0|0.0|0.0|0.0|0.0|2|6|6|7|11|12|14|0|0|0|31638|31
**Edam-Volendam**|0|0|0|0|0|0|0|0|0|0|0|0.0|0.0|0.0|0.0|0.0|0|0|3|3|4|5|6|0|0|0|36099|27
**Ede**|0|0|0|0|0|0|0|0|0|0|0|0.0|0.0|0.0|1.0|2.0|2|5|5|9|13|16|21|0|0|0|115710|25
**Eemnes**|0|0|0|0|0|0|0|0|0|0|0|0.0|0.0|0.0|0.0|0.0|0|1|1|1|1|1|1|0|0|0|9113|26
**Eersel**|0|0|0|0|0|0|0|0|0|0|0|1.0|1.0|2.0|2.0|2.0|3|4|4|6|7|9|10|0|0|0|19110|30
**Eijsden-Margraten**|0|0|0|0|0|0|0|0|0|0|0|0.0|0.0|1.0|3.0|4.0|4|4|4|6|6|6|7|0|0|0|25658|31
**Eindhoven**|0|0|1|1|3|4|4|6|7|8|8|8.0|12.0|13.0|21.0|21.0|22|23|24|28|35|46|55|0|0|0|231642|30
**Elburg**|0|0|0|0|0|0|0|0|0|0|0|0.0|1.0|1.0|1.0|1.0|1|1|1|2|2|3|4|0|0|0|23086|25
**Emmen**|0|0|0|0|0|0|0|1|1|1|1|1.0|1.0|1.0|1.0|1.0|1|2|3|4|4|4|6|0|0|0|107113|22
**Enkhuizen**|0|0|0|0|0|0|0|0|0|0|0|0.0|0.0|0.0|0.0|1.0|1|1|5|5|6|7|8|0|0|0|18507|27
**Enschede**|0|0|0|0|0|0|0|0|0|0|1|3.0|3.0|3.0|3.0|3.0|3|4|7|8|16|18|20|0|0|0|158986|23
**Epe**|0|0|0|0|0|0|0|0|0|0|0|0.0|0.0|0.0|0.0|2.0|2|4|4|4|6|8|10|0|0|0|33145|25
**Ermelo**|0|0|0|0|0|0|0|0|0|1|1|3.0|4.0|5.0|7.0|8.0|8|8|8|9|11|13|13|0|0|0|26858|25
**Etten-Leur**|0|0|0|0|0|0|0|0|1|3|5|5.0|6.0|7.0|8.0|10.0|12|13|14|15|18|20|24|0|0|0|43774|30
**Geertruidenberg**|0|0|0|0|0|0|0|0|0|0|1|1.0|1.0|1.0|1.0|3.0|5|7|7|7|7|8|10|0|0|0|21515|30
**Geldrop-Mierlo**|0|0|0|0|0|0|0|0|0|0|0|1.0|2.0|2.0|2.0|3.0|3|3|4|4|6|6|8|0|0|0|39595|30
**Gemert-Bakel**|0|0|0|0|1|1|1|1|1|2|4|7.0|11.0|13.0|16.0|20.0|25|26|31|36|42|50|56|0|0|0|30447|30
**Gennep**|0|0|0|0|0|0|0|0|0|0|0|0.0|1.0|1.0|1.0|1.0|1|2|4|4|5|7|7|0|0|0|17071|31
**Gilze en Rijen**|0|0|0|0|0|0|0|0|0|0|0|0.0|1.0|1.0|1.0|1.0|1|3|5|7|7|12|13|0|0|0|26431|30
**Goeree-Overflakkee**|0|0|0|0|0|0|0|0|0|0|0|0.0|1.0|1.0|2.0|4.0|5|7|8|14|16|25|36|0|0|0|49611|28
**Goes**|0|0|0|0|0|0|0|0|0|1|2|2.0|2.0|2.0|2.0|2.0|2|3|3|3|3|3|3|0|0|0|37653|29
**Goirle**|0|0|0|0|0|0|0|1|4|4|6|6.0|6.0|6.0|6.0|9.0|9|9|11|11|12|13|13|0|0|0|23793|30
**Gooise Meren**|0|0|0|1|1|2|2|2|2|2|3|3.0|3.0|4.0|4.0|4.0|9|9|10|10|11|11|11|0|0|0|57715|27
**Gorinchem**|1|1|0|0|0|0|0|0|0|0|0|0.0|0.0|0.0|0.0|0.0|0|0|1|0|0|2|2|0|0|0|36682|28
**Gouda**|0|0|0|0|0|0|0|0|0|1|2|2.0|2.0|2.0|3.0|4.0|5|7|9|10|12|15|16|0|0|0|73181|28
**Grave**|0|0|0|0|0|0|0|0|0|0|0|0.0|0.0|0.0|0.0|0.0|0|1|2|4|6|10|11|0|0|0|12483|30
**Groningen**|0|0|0|0|0|0|0|0|0|0|0|2.0|3.0|3.0|6.0|7.0|7|11|23|28|39|46|53|0|0|0|231299|20
**Gulpen-Wittem**|0|0|0|0|0|0|0|0|0|0|0|0.0|0.0|0.0|1.0|2.0|2|2|2|2|2|2|2|0|0|0|14246|31
**Haaksbergen**|0|0|0|0|0|0|0|0|0|0|0|0.0|0.0|0.0|1.0|1.0|1|1|1|1|1|3|3|0|0|0|24277|23
**Haaren**|0|0|0|0|0|0|0|0|2|2|6|6.0|7.0|7.0|7.0|7.0|7|9|9|9|10|12|12|0|0|0|14195|30
**Haarlem**|0|0|1|1|1|1|1|2|2|1|1|1.0|4.0|4.0|4.0|6.0|7|7|10|17|25|27|29|0|0|0|161265|27
**Haarlemmermeer**|0|0|0|0|0|0|0|0|0|0|0|0.0|0.0|0.0|1.0|2.0|4|4|5|8|12|16|18|0|0|0|154235|27
**Halderberge**|0|0|0|0|0|0|0|0|0|0|0|0.0|0.0|0.0|0.0|2.0|2|2|2|2|5|7|7|0|0|0|30194|30
**Hardenberg**|0|0|0|0|0|0|0|0|0|0|0|0.0|0.0|0.0|0.0|0.0|0|0|0|1|3|3|4|0|0|0|60574|23
**Harderwijk**|0|0|0|0|0|0|0|0|0|0|0|2.0|2.0|2.0|2.0|4.0|4|5|5|5|5|6|8|0|0|0|47581|25
**Hardinxveld-Giessendam**|0|0|0|1|2|4|4|4|4|5|5|5.0|5.0|5.0|5.0|5.0|5|5|5|6|6|6|6|0|0|0|18051|28
**Harlingen**|0|0|0|0|0|0|0|0|0|0|0|0.0|0.0|0.0|0.0|1.0|1|1|1|1|3|3|3|0|0|0|15758|21
**Hattem**|0|0|0|0|0|0|0|0|0|0|0|0.0|0.0|0.0|0.0|0.0|0|0|0|0|1|1|1|0|0|0|12173|25
**Heemskerk**|0|0|0|0|0|0|0|0|0|0|0|0.0|1.0|1.0|1.0|2.0|2|2|3|5|5|5|5|0|0|0|39164|27
**Heemstede**|0|0|0|0|0|0|0|1|1|1|1|2.0|2.0|2.0|2.0|5.0|5|5|5|7|11|11|13|0|0|0|27286|27
**Heerde**|0|0|0|0|0|0|0|0|0|0|0|0.0|0.0|0.0|0.0|2.0|3|3|4|5|9|9|13|0|0|0|18546|25
**Heerenveen**|0|0|0|0|0|0|0|0|0|0|0|0.0|0.0|0.0|0.0|0.0|0|0|0|1|2|2|3|0|0|0|50257|21
**Heerhugowaard**|0|0|0|0|0|0|0|0|0|0|0|0.0|0.0|0.0|1.0|1.0|1|2|2|3|5|8|10|0|0|0|56742|27
**Heerlen**|0|0|0|0|0|0|0|0|0|0|1|2.0|2.0|4.0|5.0|6.0|8|14|15|18|19|24|29|0|0|0|86832|31
**Heeze-Leende**|0|0|0|0|0|0|0|0|0|0|1|1.0|1.0|1.0|1.0|2.0|3|4|4|4|4|7|7|0|0|0|15964|30
**Heiloo**|0|0|0|0|0|0|0|0|0|0|0|0.0|2.0|2.0|2.0|3.0|3|3|3|3|4|6|6|0|0|0|23464|27
**Hellendoorn**|0|0|0|0|0|0|1|2|2|2|2|2.0|2.0|2.0|2.0|2.0|2|2|2|2|3|4|5|0|0|0|35808|23
**Hellevoetsluis**|0|0|0|0|0|0|0|0|0|0|0|1.0|1.0|1.0|1.0|1.0|1|1|1|4|4|4|5|0|0|0|40049|28
**Helmond**|0|1|1|4|4|4|4|5|7|11|12|14.0|16.0|17.0|17.0|17.0|19|20|22|26|32|38|49|0|0|0|91524|30
**Hendrik-Ido-Ambacht**|0|0|0|0|0|0|0|0|0|0|0|0.0|0.0|0.0|0.0|0.0|0|0|0|0|0|1|2|0|0|0|30966|28
**Hengelo**|0|0|0|0|0|0|0|0|0|0|0|0.0|0.0|0.0|0.0|3.0|3|4|4|5|13|15|15|0|0|0|80683|23
**Het Hogeland**|0|0|0|0|0|0|0|0|0|0|0|0.0|0.0|0.0|0.0|0.0|0|0|0|0|0|0|1|0|0|0|47888|20
**Heumen**|0|0|0|0|0|0|0|0|0|0|0|0.0|0.0|0.0|2.0|2.0|3|5|6|7|7|7|9|0|0|0|16486|25
**Heusden**|0|0|0|0|0|0|1|1|1|1|2|2.0|4.0|4.0|4.0|4.0|4|5|6|7|11|15|16|0|0|0|44135|30
**Hillegom**|0|0|0|0|0|0|0|0|0|0|0|0.0|0.0|0.0|0.0|0.0|0|1|1|2|2|2|2|0|0|0|21966|28
**Hilvarenbeek**|0|0|0|0|0|0|0|0|0|0|1|3.0|5.0|5.0|5.0|4.0|4|4|4|4|5|6|7|0|0|0|15334|30
**Hilversum**|0|0|0|0|0|0|0|0|0|0|0|0.0|0.0|0.0|0.0|0.0|3|3|3|5|7|7|7|0|0|0|90238|27
**Hoeksche Waard**|0|0|0|1|1|1|2|2|2|2|2|1.0|1.0|1.0|2.0|4.0|6|8|12|17|17|21|23|0|0|0|86656|28
**Hof van Twente**|0|0|0|0|0|0|0|0|0|0|0|0.0|0.0|0.0|1.0|1.0|1|3|3|3|4|5|5|0|0|0|34940|23
**Hollands Kroon**|0|0|0|0|0|0|0|0|0|0|0|0.0|0.0|0.0|0.0|0.0|0|1|3|3|6|7|8|0|0|0|47815|27
**Hoogeveen**|0|0|0|0|0|0|0|0|0|0|0|1.0|1.0|2.0|2.0|2.0|2|3|3|4|5|5|5|0|0|0|55662|22
**Hoorn**|0|0|0|0|0|0|0|0|0|0|0|0.0|0.0|0.0|0.0|1.0|1|1|2|3|8|9|11|0|0|0|73004|27
**Horst aan de Maas**|0|0|0|0|0|0|0|0|0|0|0|0.0|2.0|3.0|3.0|5.0|8|8|10|11|13|13|16|0|0|0|42291|31
**Houten**|0|1|1|1|9|9|13|13|13|13|13|13.0|13.0|13.0|13.0|13.0|13|14|17|17|19|23|25|0|0|0|49911|26
**Huizen**|0|0|0|0|0|0|0|1|1|1|2|1.0|1.0|1.0|1.0|1.0|1|2|3|3|3|3|3|0|0|0|41273|27
**Hulst**|0|0|0|0|0|0|0|0|0|0|0|0.0|0.0|0.0|0.0|0.0|0|0|0|0|0|0|0|0|0|0|27524|29
**IJsselstein**|0|0|0|0|0|0|0|1|1|1|1|1.0|1.0|1.0|2.0|4.0|6|7|8|8|11|13|16|0|0|0|34160|26
**Kaag en Braassem**|0|0|0|0|0|0|0|0|0|0|0|0.0|0.0|0.0|0.0|0.0|0|0|1|1|1|2|2|0|0|0|26866|28
**Kampen**|0|0|0|0|0|0|0|0|0|0|0|0.0|0.0|0.0|0.0|0.0|1|2|2|5|12|14|17|0|0|0|53779|23
**Kapelle**|0|0|0|0|0|0|0|0|0|0|0|0.0|0.0|0.0|0.0|0.0|1|2|2|2|2|2|2|0|0|0|12785|29
**Katwijk**|0|0|0|0|0|0|0|0|0|0|0|1.0|1.0|1.0|1.0|1.0|1|2|2|3|5|6|6|0|0|0|65302|28
**Kerkrade**|0|0|0|0|0|0|0|0|0|0|0|0.0|0.0|1.0|2.0|2.0|3|3|3|5|6|8|8|0|0|0|45642|31
**Koggenland**|0|0|0|0|0|0|0|0|0|0|0|0.0|0.0|1.0|1.0|1.0|1|1|1|1|1|2|4|0|0|0|22738|27
**Krimpen aan den IJssel**|0|0|0|0|0|0|0|0|0|0|0|1.0|1.0|1.0|1.0|1.0|1|1|2|2|2|3|3|0|0|0|29376|28
**Krimpenerwaard**|0|0|0|0|0|0|0|1|1|1|3|3.0|3.0|3.0|4.0|4.0|4|4|5|7|9|11|11|0|0|0|56048|28
**Laarbeek**|0|0|0|0|0|0|0|0|0|0|0|0.0|1.0|1.0|1.0|1.0|1|2|4|6|8|11|13|0|0|0|22333|30
**Landerd**|0|0|0|0|0|0|0|2|2|1|2|2.0|4.0|5.0|5.0|10.0|14|16|18|20|20|22|23|0|0|0|15529|30
**Landgraaf**|0|0|0|0|0|0|0|0|0|0|0|1.0|2.0|4.0|4.0|4.0|4|7|7|7|9|10|11|0|0|0|37591|31
**Landsmeer**|0|0|0|0|0|0|1|0|0|0|0|2.0|2.0|2.0|3.0|3.0|3|3|3|4|4|5|5|0|0|0|11488|27
**Langedijk**|0|0|0|0|0|0|0|0|0|0|1|1.0|3.0|3.0|4.0|4.0|4|4|4|4|4|4|5|0|0|0|27992|27
**Lansingerland**|0|0|0|0|0|1|2|2|3|4|4|4.0|4.0|4.0|5.0|5.0|7|10|13|14|16|20|20|0|0|0|61601|28
**Laren**|0|0|0|0|0|0|0|0|0|0|0|0.0|0.0|0.0|0.0|0.0|0|0|0|0|0|0|0|0|0|0|11195|27
**Leeuwarden**|0|0|0|0|0|0|0|0|0|0|0|1.0|1.0|1.0|1.0|2.0|3|4|5|5|8|8|10|0|0|0|123107|21
**Leiden**|0|0|0|0|0|0|0|0|0|1|1|1.0|4.0|4.0|4.0|8.0|8|11|12|14|16|16|16|0|0|0|124899|28
**Leiderdorp**|0|0|0|0|0|0|0|0|0|0|0|0.0|0.0|0.0|0.0|1.0|1|2|2|2|2|2|2|0|0|0|27109|28
**Leidschendam-Voorburg**|0|0|0|0|0|0|1|1|1|2|2|2.0|3.0|3.0|3.0|4.0|5|6|6|7|9|10|10|0|0|0|75425|28
**Lelystad**|0|0|0|0|0|0|0|0|0|0|1|1.0|3.0|5.0|7.0|8.0|10|12|13|15|15|19|21|0|0|0|77893|24
**Leudal**|0|0|0|0|0|0|0|0|1|2|3|4.0|4.0|6.0|6.0|7.0|8|11|13|16|20|22|23|0|0|0|35681|31
**Leusden**|0|0|0|0|0|0|0|0|0|0|0|0.0|0.0|0.0|0.0|1.0|1|3|4|4|6|6|7|0|0|0|30030|26
**Lingewaard**|0|0|0|0|0|1|2|2|2|2|2|2.0|2.0|3.0|3.0|3.0|3|4|5|6|6|9|10|0|0|0|46475|25
**Lisse**|0|0|0|0|0|0|0|0|0|0|0|0.0|0.0|0.0|0.0|0.0|0|0|0|0|0|1|1|0|0|0|22800|28
**Lochem**|0|0|0|0|0|0|0|0|0|0|0|0.0|0.0|0.0|0.0|0.0|0|1|1|2|2|2|2|0|0|0|33590|25
**Loon op Zand**|0|1|4|5|5|5|7|7|7|7|7|6.0|7.0|7.0|7.0|7.0|8|9|11|13|14|16|17|0|0|0|23327|30
**Lopik**|0|0|0|0|0|0|0|0|0|0|0|0.0|0.0|0.0|0.0|1.0|2|3|3|3|4|6|9|0|0|0|14473|26
**Loppersum**|0|0|0|0|0|0|0|0|0|0|0|0.0|0.0|0.0|0.0|0.0|0|0|0|0|0|0|0|0|0|0|9614|20
**Losser**|0|0|0|0|0|0|0|0|0|0|0|0.0|0.0|0.0|0.0|0.0|0|0|0|0|1|1|1|0|0|0|22622|23
**Maasdriel**|0|0|0|0|0|0|0|1|1|1|0|0.0|0.0|0.0|0.0|0.0|1|1|1|2|2|2|2|0|0|0|24693|25
**Maasgouw**|0|0|0|0|0|0|0|0|0|0|0|0.0|0.0|1.0|2.0|2.0|3|4|5|5|7|8|9|0|0|0|23716|31
**Maassluis**|0|0|0|0|0|0|0|0|0|0|0|0.0|0.0|1.0|1.0|1.0|1|2|2|2|3|5|6|0|0|0|32768|28
**Maastricht**|0|0|0|0|0|2|3|4|6|7|8|8.0|10.0|16.0|21.0|24.0|33|41|42|56|57|59|60|0|0|0|121565|31
**Medemblik**|0|0|0|0|0|0|0|0|0|0|0|0.0|0.0|0.0|0.0|0.0|0|0|0|0|1|2|4|0|0|0|44809|27
**Meerssen**|0|0|0|0|0|0|0|0|0|0|0|0.0|0.0|0.0|0.0|1.0|1|2|2|2|2|3|3|0|0|0|18923|31
**Meierijstad**|0|0|0|0|0|0|1|4|10|11|13|18.0|25.0|30.0|34.0|42.0|49|60|72|81|95|119|127|0|0|0|80815|30
**Meppel**|0|0|0|0|0|0|0|0|0|0|0|0.0|0.0|0.0|0.0|0.0|0|0|0|1|1|1|3|0|0|0|33564|22
**Middelburg**|0|0|0|0|0|0|0|0|0|0|0|0.0|0.0|0.0|0.0|1.0|1|2|3|3|4|5|6|0|0|0|48544|29
**Midden-Delfland**|0|0|0|0|0|0|0|0|0|0|0|0.0|0.0|0.0|0.0|0.0|0|0|1|2|2|2|2|0|0|0|19391|28
**Midden-Drenthe**|0|0|0|0|0|0|0|0|0|0|0|0.0|0.0|0.0|0.0|0.0|0|0|1|1|1|1|1|0|0|0|33178|22
**Midden-Groningen**|0|0|0|0|0|0|0|0|0|0|0|0.0|0.0|0.0|1.0|1.0|1|2|2|2|2|2|2|0|0|0|60899|20
**Mill en Sint Hubert**|0|0|0|0|0|0|0|0|0|0|0|0.0|0.0|0.0|1.0|1.0|1|1|2|2|2|2|2|0|0|0|10891|30
**Moerdijk**|0|0|0|0|0|0|0|0|0|0|0|0.0|1.0|1.0|1.0|1.0|1|1|2|3|3|3|3|0|0|0|36961|30
**Molenlanden**|0|0|0|0|0|0|0|0|0|0|0|0.0|0.0|0.0|1.0|2.0|3|7|9|11|11|11|11|0|0|0|43858|28
**Montferland**|0|0|0|0|0|0|0|0|0|0|0|0.0|0.0|0.0|0.0|0.0|0|1|1|1|1|2|3|0|0|0|36026|25
**Montfoort**|0|0|0|0|0|0|0|0|0|0|0|0.0|0.0|0.0|0.0|0.0|0|0|0|0|0|0|2|0|0|0|13996|26
**Mook en Middelaar**|0|0|0|0|0|0|0|0|0|0|0|0.0|0.0|0.0|0.0|0.0|0|0|1|1|1|1|3|0|0|0|7806|31
**Neder-Betuwe**|0|0|0|0|0|0|0|0|1|1|1|1.0|3.0|3.0|4.0|4.0|4|4|4|5|5|9|9|0|0|0|24034|25
**Nederweert**|0|0|0|0|0|0|0|0|0|0|0|0.0|1.0|3.0|3.0|3.0|5|7|7|7|7|8|9|0|0|0|17001|31
**Nieuwegein**|0|0|0|0|0|0|0|0|0|0|0|0.0|0.0|0.0|1.0|1.0|3|4|6|8|9|9|11|0|0|0|63036|26
**Nieuwkoop**|0|0|0|0|0|0|0|0|0|0|0|1.0|1.0|1.0|1.0|1.0|1|1|1|1|2|3|3|0|0|0|28628|28
**Nijkerk**|0|0|0|0|0|0|0|0|0|0|0|0.0|0.0|0.0|0.0|1.0|2|2|2|2|4|4|7|0|0|0|42943|25
**Nijmegen**|0|0|0|0|0|1|2|2|3|3|4|6.0|8.0|9.0|12.0|17.0|31|41|48|55|60|68|79|0|0|0|176731|25
**Nissewaard**|0|0|0|0|0|0|0|0|0|0|0|1.0|1.0|1.0|1.0|1.0|3|4|7|11|12|15|15|0|0|0|84797|28
**Noardeast-Fryslân**|0|0|0|0|0|0|0|0|0|0|0|0.0|0.0|0.0|0.0|0.0|0|0|1|1|1|1|2|0|0|0|45181|21
**Noord-Beveland**|0|0|0|0|0|0|0|0|0|0|0|0.0|0.0|0.0|0.0|0.0|0|0|0|0|0|0|0|0|0|0|7308|29
**Noordenveld**|0|0|0|0|0|0|0|0|0|0|0|0.0|0.0|0.0|0.0|1.0|1|1|1|1|1|1|1|0|0|0|31290|22
**Noordoostpolder**|0|0|0|0|0|0|0|0|0|0|0|0.0|0.0|2.0|2.0|2.0|2|2|2|2|3|3|3|0|0|0|46849|24
**Noordwijk**|0|0|0|0|0|0|0|0|2|2|2|2.0|2.0|2.0|2.0|2.0|2|2|3|2|3|6|6|0|0|0|42859|28
**Nuenen, Gerwen en Nederwetten**|0|0|0|0|0|0|0|0|0|1|1|1.0|1.0|1.0|1.0|1.0|1|1|1|1|1|3|4|0|0|0|23186|30
**Nunspeet**|0|0|0|0|0|0|0|0|0|0|0|0.0|1.0|1.0|1.0|2.0|2|3|3|4|9|13|17|0|0|0|27481|25
**Oegstgeest**|0|0|0|0|0|0|1|1|1|1|2|2.0|2.0|4.0|4.0|4.0|4|4|5|6|7|7|7|0|0|0|24426|28
**Oirschot**|0|0|0|0|0|0|0|0|0|0|0|0.0|0.0|0.0|0.0|1.0|1|1|1|1|1|3|3|0|0|0|18623|30
**Oisterwijk**|0|0|0|0|0|1|3|3|3|3|4|5.0|6.0|6.0|6.0|9.0|10|10|10|12|15|16|16|0|0|0|26140|30
**Oldambt**|0|0|0|0|0|0|0|0|0|0|0|0.0|0.0|0.0|0.0|0.0|0|0|0|0|0|0|0|0|0|0|38129|20
**Oldebroek**|0|0|0|0|0|0|0|0|0|0|0|0.0|1.0|1.0|1.0|2.0|2|5|5|5|6|7|7|0|0|0|23598|25
**Oldenzaal**|0|0|0|0|0|0|0|0|0|0|0|0.0|0.0|1.0|1.0|1.0|1|2|3|5|6|6|6|0|0|0|31840|23
**Olst-Wijhe**|0|0|0|0|0|0|0|0|0|0|0|0.0|0.0|0.0|0.0|0.0|0|0|0|0|2|2|2|0|0|0|18071|23
**Ommen**|0|0|0|0|0|0|0|0|0|0|0|0.0|0.0|1.0|1.0|1.0|1|2|2|3|4|4|6|0|0|0|17813|23
**Oost Gelre**|0|0|0|0|0|0|0|0|0|0|0|0.0|0.0|0.0|0.0|0.0|0|0|0|1|2|2|2|0|0|0|29704|25
**Oosterhout**|0|0|0|0|0|0|0|0|0|0|0|1.0|3.0|4.0|5.0|6.0|8|9|9|12|13|16|22|0|0|0|55616|30
**Ooststellingwerf**|0|0|0|0|0|0|0|0|0|0|0|0.0|0.0|0.0|0.0|0.0|0|0|0|0|0|0|0|0|0|0|25497|21
**Oostzaan**|0|0|0|0|0|0|0|0|0|0|0|0.0|0.0|0.0|0.0|0.0|1|2|2|3|3|4|5|0|0|0|9757|27
**Opmeer**|0|0|0|0|0|0|0|0|0|0|0|0.0|0.0|0.0|0.0|0.0|0|0|0|0|0|0|0|0|0|0|11779|27
**Opsterland**|0|0|0|0|0|0|0|0|0|2|2|2.0|2.0|2.0|2.0|2.0|2|2|2|2|2|2|3|0|0|0|29723|21
**Oss**|0|1|1|1|1|1|1|1|1|1|2|3.0|3.0|4.0|5.0|11.0|14|20|26|35|44|59|65|0|0|0|91451|30
**Oude IJsselstreek**|0|0|0|0|0|0|0|0|0|0|0|0.0|0.0|0.0|0.0|1.0|2|2|2|2|4|4|4|0|0|0|39473|25
**Ouder-Amstel**|0|0|0|0|0|0|0|0|0|0|0|0.0|0.0|0.0|0.0|0.0|2|3|3|3|4|4|5|0|0|0|13916|27
**Oudewater**|0|0|0|0|0|0|0|0|0|0|0|0.0|0.0|0.0|1.0|1.0|1|1|2|2|3|4|4|0|0|0|10201|26
**Overbetuwe**|0|0|0|0|0|0|0|0|0|0|0|0.0|0.0|4.0|6.0|8.0|9|9|11|15|20|22|30|0|0|0|47543|25
**Papendrecht**|0|0|0|0|0|0|0|0|0|0|0|0.0|0.0|0.0|0.0|0.0|0|0|1|2|2|4|5|0|0|0|32290|28
**Peel en Maas**|0|0|0|0|0|0|0|0|0|1|3|4.0|8.0|10.0|14.0|19.0|31|36|41|49|63|64|69|0|0|0|43311|31
**Pekela**|0|0|0|0|0|0|0|0|0|0|0|1.0|1.0|1.0|1.0|1.0|1|1|1|1|2|2|2|0|0|0|12214|20
**Pijnacker-Nootdorp**|0|0|0|0|2|2|2|2|2|4|5|5.0|6.0|6.0|7.0|8.0|10|11|11|11|11|11|12|0|0|0|54331|28
**Purmerend**|0|0|0|0|0|0|0|0|0|0|1|1.0|2.0|2.0|2.0|2.0|2|4|7|11|14|20|22|0|0|0|80117|27
**Putten**|0|0|0|0|0|0|0|0|0|0|0|0.0|0.0|0.0|0.0|2.0|2|2|2|3|3|3|3|0|0|0|24198|25
**Raalte**|0|0|0|0|0|0|0|0|0|0|0|1.0|1.0|1.0|1.0|2.0|3|3|3|3|3|5|5|0|0|0|37511|23
**Reimerswaal**|0|0|0|0|0|0|0|0|0|0|0|1.0|1.0|1.0|1.0|2.0|2|3|4|5|5|5|5|0|0|0|22678|29
**Renkum**|0|0|0|0|0|1|1|5|5|5|7|7.0|7.0|7.0|8.0|8.0|8|8|8|9|9|10|10|0|0|0|31302|25
**Renswoude**|0|0|0|0|0|0|0|0|0|0|0|0.0|0.0|0.0|0.0|0.0|0|0|0|0|0|0|0|0|0|0|5259|26
**Reusel-De Mierden**|0|0|0|0|0|0|0|0|0|0|0|0.0|0.0|0.0|0.0|0.0|0|0|0|0|0|1|1|0|0|0|13060|30
**Rheden**|0|0|0|0|0|0|0|0|0|1|1|1.0|1.0|1.0|1.0|1.0|2|3|4|7|7|10|12|0|0|0|43640|25
**Rhenen**|0|0|0|0|0|0|0|0|0|0|0|0.0|0.0|0.0|0.0|0.0|0|0|0|0|0|0|1|0|0|0|20004|26
**Ridderkerk**|0|0|0|0|0|0|1|1|1|1|1|1.0|1.0|1.0|1.0|1.0|1|1|1|2|4|5|5|0|0|0|46241|28
**Rijssen-Holten**|0|0|0|0|0|0|0|0|0|0|0|0.0|0.0|0.0|0.0|0.0|0|0|0|2|3|4|4|0|0|0|38300|23
**Rijswijk**|0|0|0|0|0|0|0|0|0|0|0|0.0|0.0|0.0|0.0|1.0|2|3|3|4|4|5|7|0|0|0|53467|28
**Roerdalen**|0|0|0|0|0|0|0|0|0|0|0|0.0|0.0|0.0|0.0|0.0|0|1|1|4|4|6|7|0|0|0|20615|31
**Roermond**|0|0|0|0|0|0|0|1|1|1|1|1.0|1.0|2.0|2.0|2.0|4|6|13|15|18|21|23|0|0|0|58209|31
**Roosendaal**|0|0|0|0|0|0|0|0|0|0|1|1.0|2.0|2.0|5.0|6.0|6|6|7|8|8|11|16|0|0|0|77032|30
**Rotterdam**|0|0|1|3|5|9|11|14|14|15|15|15.0|20.0|24.0|25.0|30.0|41|58|81|104|120|139|149|0|0|0|644618|28
**Rozendaal**|0|0|0|0|0|0|0|0|0|0|0|0.0|0.0|0.0|1.0|1.0|1|2|2|2|2|2|2|0|0|0|1654|25
**Rucphen**|0|0|0|0|0|0|0|0|0|0|0|0.0|0.0|0.0|1.0|1.0|1|1|2|3|6|6|6|0|0|0|22572|30
**Schagen**|0|0|0|0|0|0|0|0|0|1|1|1.0|2.0|3.0|4.0|4.0|4|5|6|6|7|7|7|0|0|0|46553|27
**Scherpenzeel**|0|0|0|0|0|0|0|0|0|0|0|0.0|0.0|0.0|0.0|0.0|0|0|0|0|0|1|2|0|0|0|9873|25
**Schiedam**|0|0|0|0|0|0|0|0|0|0|0|0.0|0.0|0.0|1.0|1.0|1|1|2|4|6|8|8|0|0|0|77999|28
**Schiermonnikoog**|0|0|0|0|0|0|0|0|0|0|0|0.0|0.0|0.0|0.0|0.0|0|0|0|0|0|0|0|0|0|0|936|21
**Schouwen-Duiveland**|0|0|0|0|0|0|1|1|1|2|1|2.0|2.0|2.0|2.0|2.0|2|2|2|2|3|3|3|0|0|0|33779|29
**Simpelveld**|0|0|0|0|0|2|2|2|2|2|2|2.0|2.0|2.0|3.0|3.0|4|5|5|5|5|5|5|0|0|0|10516|31
**Sint Anthonis**|0|0|0|0|0|0|0|0|0|0|0|0.0|0.0|2.0|2.0|3.0|4|5|8|10|12|13|13|0|0|0|11606|30
**Sint-Michielsgestel**|0|0|0|0|1|2|3|5|5|5|5|5.0|5.0|6.0|6.0|8.0|8|10|10|12|12|14|14|0|0|0|28991|30
**Sittard-Geleen**|0|0|0|0|2|5|4|7|8|13|20|20.0|23.0|35.0|37.0|38.0|42|51|51|58|58|59|61|0|0|0|92661|31
**Sliedrecht**|0|0|0|0|0|0|0|0|0|0|0|0.0|0.0|0.0|0.0|0.0|1|1|1|2|3|3|3|0|0|0|25026|28
**Sluis**|0|0|0|0|0|0|0|0|0|0|0|0.0|0.0|0.0|1.0|2.0|2|2|2|3|3|4|4|0|0|0|23386|29
**Smallingerland**|0|0|0|0|0|0|0|0|0|0|1|1.0|1.0|2.0|3.0|3.0|3|3|3|3|3|3|3|0|0|0|55938|21
**Soest**|0|0|0|0|4|6|7|7|7|8|8|8.0|8.0|8.0|8.0|10.0|11|12|13|14|15|16|16|0|0|0|46194|26
**Someren**|0|0|0|0|0|0|0|0|0|0|0|0.0|0.0|1.0|1.0|1.0|2|3|3|5|5|6|7|0|0|0|19322|30
**Son en Breugel**|0|0|0|0|0|0|0|0|0|0|1|1.0|2.0|2.0|2.0|4.0|4|4|5|7|8|10|10|0|0|0|16904|30
**Stadskanaal**|0|0|0|0|0|0|0|0|0|0|0|0.0|0.0|0.0|0.0|0.0|0|0|0|0|0|0|0|0|0|0|31789|20
**Staphorst**|0|0|0|0|0|0|0|0|0|0|0|0.0|0.0|1.0|1.0|1.0|1|1|2|3|3|3|4|0|0|0|17003|23
**Stede Broec**|0|0|0|0|0|0|0|0|0|0|0|0.0|0.0|0.0|0.0|1.0|1|1|3|3|5|5|8|0|0|0|21706|27
**Steenbergen**|0|0|0|0|0|0|0|0|0|0|0|0.0|0.0|0.0|1.0|2.0|2|2|4|4|5|8|8|0|0|0|25054|30
**Steenwijkerland**|0|0|0|0|0|0|0|0|0|0|0|0.0|0.0|0.0|0.0|0.0|1|1|1|1|3|3|4|0|0|0|43940|23
**Stein**|0|0|0|0|0|0|0|0|0|0|1|1.0|1.0|3.0|3.0|3.0|3|4|4|5|5|6|9|0|0|0|24961|31
**Stichtse Vecht**|0|0|0|0|2|3|4|5|5|5|5|5.0|6.0|6.0|7.0|7.0|8|9|10|10|10|12|13|0|0|0|64336|26
**Súdwest-Fryslân**|0|0|0|0|0|0|0|0|0|0|0|1.0|1.0|1.0|1.0|1.0|1|2|2|2|4|5|5|0|0|0|89710|21
**Terneuzen**|0|0|0|0|0|0|0|0|0|0|0|0.0|0.0|1.0|1.0|1.0|2|3|4|5|5|5|6|0|0|0|54589|29
**Terschelling**|0|0|0|0|0|0|0|0|0|0|0|0.0|0.0|0.0|0.0|0.0|0|0|0|0|0|0|0|0|0|0|4890|21
**Texel**|0|0|0|0|0|0|0|0|0|0|0|0.0|0.0|0.0|0.0|0.0|0|0|2|3|3|3|3|0|0|0|13547|27
**Teylingen**|0|0|0|0|0|0|0|0|0|0|0|0.0|0.0|0.0|0.0|1.0|2|2|2|3|5|7|7|0|0|0|37061|28
**Tholen**|0|0|0|0|0|0|0|0|0|0|0|0.0|0.0|0.0|1.0|1.0|1|2|2|2|7|7|8|0|0|0|25780|29
**Tiel**|0|0|0|0|0|0|0|0|1|1|1|2.0|2.0|2.0|3.0|4.0|4|4|4|4|4|5|6|0|0|0|41978|25
**Tilburg**|4|4|2|3|3|4|10|12|27|29|42|50.0|67.0|68.0|68.0|84.0|88|95|119|133|154|178|193|1|1|3|217259|30
**Tubbergen**|0|0|0|0|0|0|0|0|1|1|1|1.0|1.0|1.0|1.0|1.0|1|1|3|3|3|3|4|0|0|0|21276|23
**Twenterand**|0|0|0|0|0|0|0|0|0|0|0|0.0|0.0|0.0|0.0|0.0|0|0|0|0|1|1|2|0|0|0|33792|23
**Tynaarlo**|0|0|0|0|0|0|0|0|0|0|0|0.0|0.0|0.0|0.0|0.0|1|3|4|5|7|8|8|0|0|0|33698|22
**Tytsjerksteradiel**|0|0|0|0|0|0|0|0|0|0|0|0.0|0.0|0.0|0.0|1.0|1|1|1|1|1|1|1|0|0|0|31780|21
**Uden**|0|0|0|0|0|2|6|7|12|13|18|21.0|25.0|28.0|33.0|43.0|49|53|60|71|76|82|84|0|0|0|41782|30
**Uitgeest**|0|0|0|0|0|0|0|0|0|0|0|0.0|0.0|0.0|0.0|0.0|0|0|0|2|2|4|4|0|0|0|13528|27
**Uithoorn**|0|0|0|0|0|0|0|0|0|0|0|0.0|0.0|0.0|0.0|0.0|0|1|2|2|2|2|2|0|0|0|29424|27
**Urk**|0|0|0|0|0|0|0|0|0|0|0|0.0|0.0|0.0|0.0|0.0|0|1|4|5|6|7|7|0|0|0|20776|24
**Utrecht**|0|2|2|2|6|8|11|13|13|14|18|25.0|26.0|30.0|38.0|48.0|60|69|83|101|121|131|145|0|0|0|352866|26
**Utrechtse Heuvelrug**|0|0|0|0|0|1|1|2|2|2|2|2.0|2.0|2.0|2.0|3.0|5|6|8|8|8|11|14|0|0|0|49515|26
**Vaals**|0|0|0|0|0|0|0|0|0|0|0|0.0|0.0|0.0|0.0|0.0|0|0|0|0|0|0|0|0|0|0|10092|31
**Valkenburg aan de Geul**|0|0|0|0|0|0|0|0|0|0|0|0.0|0.0|0.0|0.0|1.0|2|2|2|4|4|4|4|0|0|0|16470|31
**Valkenswaard**|0|0|0|0|0|0|0|0|0|0|0|0.0|0.0|0.0|0.0|0.0|0|1|1|2|4|4|5|0|0|0|30910|30
**Veendam**|0|0|0|0|0|0|0|0|0|0|0|0.0|0.0|0.0|0.0|0.0|0|0|0|0|0|0|0|0|0|0|27491|20
**Veenendaal**|0|0|0|0|0|0|0|0|0|0|0|1.0|1.0|1.0|1.0|1.0|1|1|2|2|2|3|6|0|0|0|65589|26
**Veere**|0|0|0|0|0|0|0|0|0|0|2|1.0|1.0|1.0|1.0|1.0|1|1|1|2|5|5|6|0|0|0|21835|29
**Veldhoven**|0|0|0|0|0|0|0|0|1|1|1|1.0|1.0|1.0|1.0|1.0|1|1|2|5|9|11|11|0|0|0|45337|30
**Velsen**|0|0|0|0|0|0|0|0|0|0|0|1.0|1.0|1.0|1.0|4.0|4|4|4|5|8|10|11|0|0|0|68348|27
**Venlo**|0|0|0|0|0|0|0|0|1|1|1|2.0|2.0|3.0|4.0|6.0|8|12|21|24|33|33|35|0|0|0|101603|31
**Venray**|0|0|0|0|0|0|0|0|0|0|0|0.0|0.0|0.0|0.0|0.0|0|1|3|6|8|9|10|0|0|0|43326|31
**Vijfheerenlanden**|0|0|0|0|0|0|1|1|1|1|1|1.0|2.0|2.0|2.0|3.0|4|4|7|7|9|11|12|0|0|0|55712|26
**Vlaardingen**|0|0|0|0|0|0|0|0|0|0|0|1.0|1.0|1.0|1.0|1.0|2|2|4|7|12|15|15|0|0|0|72404|28
**Vlieland**|0|0|0|0|0|0|0|0|0|0|0|0.0|0.0|0.0|0.0|0.0|0|0|0|0|0|0|0|0|0|0|1138|21
**Vlissingen**|0|0|0|0|0|0|0|0|0|0|0|2.0|2.0|2.0|2.0|3.0|4|4|5|6|6|6|8|0|0|0|44371|29
**Voerendaal**|0|0|0|0|0|0|0|0|0|0|0|0.0|0.0|0.0|0.0|0.0|1|3|3|4|4|4|4|0|0|0|12452|31
**Voorschoten**|0|0|0|0|0|0|0|0|0|0|0|0.0|0.0|0.0|0.0|0.0|0|1|1|2|2|3|3|0|0|0|25479|28
**Voorst**|0|0|0|0|0|0|0|0|1|1|1|1.0|1.0|1.0|1.0|1.0|1|1|1|1|2|2|2|0|0|0|24417|25
**Vught**|0|0|0|0|0|0|0|0|1|1|1|2.0|2.0|2.0|2.0|3.0|6|7|8|8|11|15|17|0|0|0|26396|30
**Waadhoeke**|0|0|0|0|0|0|0|0|0|0|0|0.0|0.0|0.0|0.0|0.0|0|0|0|0|0|0|0|0|0|0|46039|21
**Waalre**|0|0|0|0|0|1|1|1|1|1|1|1.0|1.0|1.0|1.0|1.0|1|2|2|2|2|2|2|0|0|0|17247|30
**Waalwijk**|0|0|0|0|0|1|3|5|5|5|6|6.0|9.0|8.0|8.0|10.0|11|12|13|15|16|22|24|0|0|0|48240|30
**Waddinxveen**|0|0|0|0|0|0|0|0|0|1|1|1.0|1.0|1.0|1.0|1.0|1|1|3|3|4|4|4|0|0|0|28316|28
**Wageningen**|0|0|0|0|0|0|0|0|0|0|0|0.0|0.0|0.0|0.0|0.0|1|1|1|2|3|3|3|0|0|0|38774|25
**Wassenaar**|0|0|0|0|0|0|0|0|0|0|0|0.0|1.0|2.0|2.0|3.0|3|3|4|4|5|5|5|0|0|0|26211|28
**Waterland**|0|0|0|0|0|0|0|1|1|1|1|1.0|1.0|1.0|2.0|3.0|3|4|7|7|8|8|9|0|0|0|17315|27
**Weert**|0|0|0|0|0|0|0|0|0|0|0|0.0|0.0|0.0|0.0|0.0|0|0|0|4|7|7|12|0|0|0|49842|31
**Weesp**|0|0|0|0|0|0|0|0|0|0|0|0.0|0.0|0.0|0.0|0.0|0|0|0|1|1|1|1|0|0|0|19334|27
**West Betuwe**|0|0|0|0|0|1|2|2|2|2|2|2.0|3.0|3.0|3.0|3.0|6|6|8|11|12|12|15|0|0|0|50697|25
**West Maas en Waal**|0|0|0|0|0|1|1|1|1|1|1|2.0|2.0|2.0|3.0|3.0|3|3|3|4|4|6|7|0|0|0|19076|25
**Westerkwartier**|0|0|0|0|0|0|0|0|0|0|0|0.0|0.0|0.0|1.0|1.0|1|1|3|2|3|6|8|0|0|0|63031|20
**Westerveld**|0|0|0|0|0|0|0|0|0|0|0|0.0|0.0|0.0|0.0|0.0|0|0|0|0|1|1|2|0|0|0|19348|22
**Westervoort**|0|0|0|0|0|0|0|0|0|0|0|0.0|0.0|0.0|0.0|0.0|0|0|0|1|1|2|2|0|0|0|14944|25
**Westerwolde**|0|0|0|0|0|0|0|0|0|0|0|0.0|0.0|0.0|0.0|0.0|0|0|0|0|0|0|0|0|0|0|25199|20
**Westland**|0|0|0|0|0|0|0|0|0|0|0|0.0|0.0|0.0|1.0|1.0|3|6|7|9|11|15|21|0|0|0|108603|28
**Weststellingwerf**|0|0|0|0|0|0|0|0|0|0|0|0.0|0.0|0.0|0.0|0.0|0|0|0|0|1|1|1|0|0|0|25840|21
**Westvoorne**|0|0|0|0|0|1|1|1|1|1|1|1.0|1.0|2.0|3.0|3.0|3|3|3|3|3|5|7|0|0|0|14626|28
**Wierden**|0|0|0|0|0|0|0|0|0|0|0|0.0|0.0|0.0|0.0|0.0|0|0|0|0|0|0|0|0|0|0|24351|23
**Wijchen**|0|0|0|0|0|0|0|1|1|1|1|2.0|3.0|3.0|4.0|5.0|6|8|8|14|17|20|21|0|0|0|40951|25
**Wijdemeren**|0|0|0|0|0|0|0|0|0|0|0|0.0|0.0|0.0|0.0|0.0|0|1|1|1|1|1|1|0|0|0|24013|27
**Wijk bij Duurstede**|0|0|0|0|0|1|1|1|1|1|1|2.0|2.0|2.0|3.0|3.0|4|4|4|5|6|6|6|0|0|0|23762|26
**Winterswijk**|0|0|0|0|0|0|0|0|0|0|0|0.0|0.0|0.0|0.0|0.0|0|0|0|0|1|2|2|0|0|0|28903|25
**Woensdrecht**|0|0|0|0|0|0|0|0|0|0|0|0.0|0.0|0.0|0.0|0.0|0|0|0|0|0|2|3|0|0|0|21866|30
**Woerden**|0|0|0|0|0|2|2|2|2|2|2|2.0|2.0|2.0|2.0|2.0|3|4|4|5|6|7|14|0|0|0|52197|26
**Wormerland**|0|0|0|0|0|0|0|0|0|0|0|0.0|0.0|0.0|0.0|0.0|0|0|1|1|1|1|2|0|0|0|16329|27
**Woudenberg**|0|0|0|0|0|0|0|0|0|0|1|1.0|1.0|1.0|1.0|1.0|1|2|2|3|3|3|4|0|0|0|13166|26
**Zaanstad**|0|0|0|0|0|0|2|2|2|2|2|2.0|2.0|2.0|2.0|2.0|2|2|4|3|9|11|19|0|0|0|155885|27
**Zaltbommel**|0|0|0|1|1|1|1|1|1|1|1|1.0|1.0|1.0|1.0|1.0|3|3|3|4|5|6|7|0|0|0|28451|25
**Zandvoort**|0|0|0|0|0|0|0|0|0|0|0|0.0|0.0|1.0|1.0|1.0|1|1|1|1|2|2|3|0|0|0|17011|27
**Zeewolde**|0|0|0|0|1|1|1|1|1|1|1|1.0|1.0|2.0|2.0|2.0|2|3|3|4|4|4|4|0|0|0|22309|24
**Zeist**|0|0|0|0|0|0|1|1|1|2|3|4.0|4.0|4.0|6.0|8.0|12|12|12|13|17|17|19|0|0|0|63934|26
**Zevenaar**|0|0|0|0|0|0|0|0|0|0|0|0.0|0.0|0.0|0.0|0.0|0|2|3|5|6|8|9|0|0|0|43488|25
**Zoetermeer**|0|0|0|0|0|0|0|0|0|0|0|0.0|0.0|0.0|0.0|0.0|0|1|1|4|4|5|7|0|0|0|124944|28
**Zoeterwoude**|0|0|0|0|0|0|0|0|0|0|0|0.0|0.0|0.0|0.0|0.0|0|0|0|0|0|0|0|0|0|0|8450|28
**Zuidplas**|0|0|0|0|0|0|0|0|0|0|0|0.0|0.0|0.0|0.0|0.0|0|0|0|0|1|3|3|0|0|0|42762|28
**Zundert**|0|0|0|0|0|0|0|1|1|1|2|2.0|3.0|3.0|3.0|3.0|4|6|6|7|7|7|9|0|0|0|21612|30
**Zutphen**|0|0|0|0|0|0|0|0|0|0|0|0.0|0.0|0.0|0.0|0.0|1|1|1|2|4|4|6|0|0|0|47609|25
**Zwartewaterland**|0|0|0|0|0|0|0|0|0|0|0|0.0|2.0|2.0|2.0|2.0|4|4|5|9|15|17|19|0|0|0|22503|23
**Zwijndrecht**|0|0|0|0|0|0|0|0|0|0|0|0.0|0.0|2.0|3.0|3.0|4|5|6|6|6|6|6|0|0|0|44639|28
**Zwolle**|0|0|0|0|0|0|0|1|1|1|2|2.0|2.0|3.0|4.0|6.0|8|12|16|18|23|28|35|0|0|0|127497|23
